,TopicECBLang,TopicGrowth,TopicInflation,TopicJapanLang,TopicFedLang,TopicPandemic,TopicCBOperation,TopicFinance
readabilityPC,0.14606625320581396,-0.23232747758449981,-0.06483763618937782,0.13547563680999,0.2997410873829598,-0.2446134084867538,-0.23392210245825346,0.1105988725011667
concretePC,0.21855477778352214,-0.08676076278960997,0.3815009469969184,-0.6477827420656246,0.07990851157305902,0.18279434688876559,-0.07932235879664362,-0.28919260460259005
entropyPC,0.6788511258870487,0.07097326335821251,-0.1975237728691655,-0.15120172580629984,-0.17969533733907922,-0.1832763421185748,-0.16043582720337293,-0.0799933284451873
coherencePC,0.2746943810910656,0.02229839164881825,0.11291130592573351,-0.27858958893570634,-0.08716449561282784,-0.010393415966696707,-0.6351902183824495,0.1570009261296986
